<?xml version="1.0" encoding="UTF-8"?>
<beans xmlns="http://www.springframework.org/schema/beans"
	xmlns:xsi="http://www.w3.org/2001/XMLSchema-instance"
	xmlns:context="http://www.springframework.org/schema/context"
	xsi:schemaLocation="http://www.springframework.org/schema/beans http://www.springframework.org/schema/beans/spring-beans.xsd
		http://www.springframework.org/schema/context http://www.springframework.org/schema/context/spring-context-4.3.xsd">

<bean id="address"class="com.cg.project.beans.Address">
<property name="city"value="Pune"/>
<property name="state"value="Maharashtra"/>
<property name="country"value="India"/>
<property name="pinNo"value="432112"/>
</bean>

<bean id="employee"class="com.cg.project.beans.Employee">
<property name="empId"value="1234"/>
<property name="basicSalary"value="20000"/>
<property name="firstName"value="Ashutosh"/>
<property name="lastName"value="Mishra"/>
<property name="address"ref="address"/>
</bean>
</beans>
